"model","sse","r2","sd"
1,7.68658343792098,0.682361916464616,0.0988270872672993
