"model","sse","r2","sd"
1,7.68658343792098,0.682361916464616,0.0988270872672993
2,7.74093100109688,0.68012037571236,0.0991751908236715
